{
  "fold_metrics": [
    {
      "top1": 0.8140068886337543,
      "top3": 0.9586681974741676,
      "top5": 0.9747416762342136,
      "mrr": 0.8875089626761139,
      "n_valid": 871
    },
    {
      "top1": 0.819954128440367,
      "top3": 0.9564220183486238,
      "top5": 0.9770642201834863,
      "mrr": 0.890319429869316,
      "n_valid": 872
    },
    {
      "top1": 0.8009153318077803,
      "top3": 0.9038901601830663,
      "top5": 0.9393592677345538,
      "mrr": 0.8620546252053202,
      "n_valid": 874
    },
    {
      "top1": 0.848,
      "top3": 0.9657142857142857,
      "top5": 0.9817142857142858,
      "mrr": 0.9067329579850595,
      "n_valid": 875
    }
  ],
  "summary": {
    "folds": 4,
    "valid_folds": 4,
    "top1_mean": 0.8207190872204754,
    "top1_std": 0.0171906639075744,
    "top3_mean": 0.9461736654300359,
    "top3_std": 0.024651940722839164,
    "top5_mean": 0.9682198624666348,
    "top5_std": 0.016850742604695306,
    "mrr_mean": 0.8866539939339524,
    "mrr_std": 0.015987965250143527
  }
}