{
  "fold_metrics": [
    {
      "top1": 0.847741935483871,
      "top3": 0.9651612903225807,
      "top5": 0.9806451612903225,
      "mrr": 0.9062898105478758,
      "n_valid": 775
    },
    {
      "top1": 0.8131443298969072,
      "top3": 0.9458762886597938,
      "top5": 0.9755154639175257,
      "mrr": 0.8858640755974369,
      "n_valid": 776
    },
    {
      "top1": 0.8481338481338482,
      "top3": 0.9536679536679536,
      "top5": 0.9755469755469756,
      "mrr": 0.9023379969808542,
      "n_valid": 777
    }
  ],
  "summary": {
    "folds": 3,
    "valid_folds": 3,
    "top1_mean": 0.8363400378382089,
    "top1_std": 0.016402622738552596,
    "top3_mean": 0.954901844216776,
    "top3_std": 0.007921266173968163,
    "top5_mean": 0.9772358669182747,
    "top5_std": 0.0024107694943255294,
    "mrr_mean": 0.8981639610420555,
    "mrr_std": 0.008845699297028754
  }
}