{
  "fold_metrics": [
    {
      "top1": 0.8554216867469879,
      "top3": 0.9604130808950087,
      "top5": 0.9724612736660929,
      "mrr": 0.9116184351124111,
      "n_valid": 581
    },
    {
      "top1": 0.8490566037735849,
      "top3": 0.9502572898799314,
      "top5": 0.9794168096054888,
      "mrr": 0.9025749962209446,
      "n_valid": 583
    }
  ],
  "summary": {
    "folds": 2,
    "valid_folds": 2,
    "top1_mean": 0.8522391452602864,
    "top1_std": 0.0031825414867014956,
    "top3_mean": 0.9553351853874701,
    "top3_std": 0.005077895507538621,
    "top5_mean": 0.9759390416357909,
    "top5_std": 0.0034777679696979535,
    "mrr_mean": 0.9070967156666778,
    "mrr_std": 0.004521719445733263
  }
}